<!--                                                                        -->
<!-- Copyright 2008 Google Inc.                                             -->
<!-- Licensed under the Apache License, Version 2.0 (the "License"); you    -->
<!-- may not use this file except in compliance with the License. You may   -->
<!-- may obtain a copy of the License at                                    -->
<!--                                                                        -->
<!-- http://www.apache.org/licenses/LICENSE-2.0                             -->
<!--                                                                        -->
<!-- Unless required by applicable law or agreed to in writing, software    -->
<!-- distributed under the License is distributed on an "AS IS" BASIS,      -->
<!-- WITHOUT WARRANTIES OR CONDITIONS OF ANY KIND, either express or        -->
<!-- implied. License for the specific language governing permissions and   -->
<!-- limitations under the License.                                         -->

<!-- Gears ManagedResourceStore example                                     -->
<!--                                                                        -->
<module>
  <inherits name='com.google.gwt.user.User' />

  <!-- The following lines add Google Gears support and automatic offline mode -->
  <inherits name='com.google.gwt.gears.Gears' />
  <inherits name='com.google.gwt.gears.Offline' />
  
  <!-- Inherit the standard theme -->
  <inherits name="com.google.gwt.user.theme.standard.Standard"/>
  
  <entry-point
    class='com.google.gwt.gears.sample.managedresourcestore.client.ManagedResourceStoreDemo' />
    
  <!-- Rebind the entry point if Gears is not installed -->
  <replace-with class="com.google.gwt.gears.sample.managedresourcestore.client.ManagedResourceStoreDemoNoGears">
    <when-type-is class="com.google.gwt.gears.sample.managedresourcestore.client.ManagedResourceStoreDemo"/>
    <when-property-is name="gears.installed" value="false"/>
  </replace-with>
</module>
