<!--                                                                        -->
<!-- Copyright 2008 Google Inc.                                             -->
<!-- Licensed under the Apache License, Version 2.0 (the "License"); you    -->
<!-- may not use this file except in compliance with the License. You may   -->
<!-- may obtain a copy of the License at                                    -->
<!--                                                                        -->
<!-- http://www.apache.org/licenses/LICENSE-2.0                             -->
<!--                                                                        -->
<!-- Unless required by applicable law or agreed to in writing, software    -->
<!-- distributed under the License is distributed on an "AS IS" BASIS,      -->
<!-- WITHOUT WARRANTIES OR CONDITIONS OF ANY KIND, either express or        -->
<!-- implied. License for the specific language governing permissions and   -->
<!-- limitations under the License.                                         -->

<module>
  <inherits name="com.google.gwt.user.User" />
  <inherits name="com.google.gwt.visualization.Visualization" />
  <inherits name="com.google.gwt.user.theme.standard.Standard"/>    
  <script src="http://www.google.com/jsapi"/>
  <script src="http://maps.google.com/maps?file=api&amp;v=2&amp;key=ABQIAAAAG8LzhtshQCjpSshU_uJjmxRII77nF3p9tM7LktEY_493N8UDkRSxVj4RkjzrVFb94nbD4QDNPJIIEg"></script>
  
  <source path="client" />
  <entry-point class="com.google.gwt.visualization.visualizationshowcase.client.Showcase" />
  
</module>
