<project name="dist-common">
	<property name="gwt.root" location="../.." />
	<property name="project.tail" value="distro-source/${dist.platform}" />
	<import file="${gwt.root}/common.ant.xml" />

	<property name="project.distname" value="gwt-${api.name}-${gwt.version}" />
	<property name="project.staging" location="${gwt.build.staging}/${project.distname}" />

	<target name="filter" description="Filters distro files for versioning">
		<!-- These files must be filtered for versioning -->
		<mkdir dir="${project.build}" />
		<copy todir="${project.build}">
			<fileset dir="src" />
			<filterset>
				<filter token="GWT_VERSION" value="${gwt.version}" />
			</filterset>
		</copy>
	</target>

	<target name="clean" description="Cleans this project's intermediate and output files">
		<delete dir="${project.build}" failonerror="false" />
		<delete dir="${project.staging}" failonerror="false" />
		<delete file="${project.dist}" failonerror="false" />
	</target>
</project>
