<project name="samples-common">
	<property name="gwt.root" location="../.." />
	<property name="project.tail" value="samples/${sample.root}" />
	<import file="${gwt.root}/common.ant.xml" />

	<property name="sample.package" value="${sample.root}" />
	<property name="sample.main" value="${sample.module}" />

	<!-- Mirror directory for scripts; makes building distro easier -->
	<property name="samples.scripts" value="${gwt.build.out}/samples-scripts" />
	<!-- Use the uppercase name rather than the lowercase name -->
	<property name="sample.build" value="${gwt.build.out}/samples/${sample.main}" />

	<target name="source" description="Copy source to the output folder">
		<mkdir dir="${sample.build}/src" />
		<copy todir="${sample.build}/src">
			<fileset dir="src" />
		</copy>
	</target>

	<target name="compile" description="Compile all java files">
		<mkdir dir="${sample.build}/bin" />
		<gwt.javac destdir="${sample.build}/bin">
			<classpath>
				<pathelement location="${gwt.google.apis.jar}"/>
				<pathelement location="${gwt.user.jar}" />
				<pathelement location="${gwt.dev.jar}" />
			</classpath>
		</gwt.javac>
	</target>

	<target name="gwtc" description="Compile to JavaScript">
		<outofdate>
			<sourcefiles>
				<fileset dir="src" />
				<fileset file="${gwt.google.apis.jar}"/>
				<fileset file="${gwt.user.jar}" />
				<fileset file="${gwt.dev.jar}" />
			</sourcefiles>
			<targetfiles path="${sample.build}/www/com.google.gwt.${sample.api}.${sample.package}.${sample.module}/com.google.gwt.${sample.api}.${sample.package}.${sample.module}.nocache.js" />
			<sequential>
				<mkdir dir="${sample.build}/www" />
				<java dir="${sample.build}" classname="com.google.gwt.dev.GWTCompiler" classpath="src:${gwt.user.jar}:${gwt.dev.jar}:${gwt.google.apis.jar}" fork="yes" failonerror="true" maxmemory="128m">
					<arg value="-out" />
					<arg file="${sample.build}/www" />
					<arg value="com.google.gwt.${sample.api}.${sample.package}.${sample.module}" />
				</java>
			</sequential>
		</outofdate>
	</target>

	<target name="scripts" description="Create launch scripts">
        <mkdir dir="${sample.build}/launch-scripts" />
        <copy todir="${sample.build}/launch-scripts">
            <fileset dir="launch-scripts" />
        </copy>
    </target>

	<target name="build" depends="source, compile, gwtc, scripts" description="Build and package this project" />

	<target name="checkstyle" description="Static analysis of source">
		<gwt.checkstyle>
			<fileset dir="src" />
		</gwt.checkstyle>
	</target>

	<target name="clean" description="Cleans this project's intermediate and output files">
		<delete dir="${sample.build}" />
		<delete includeemptydirs="true">
			<fileset dir="${samples.scripts}">
				<include name="*/${sample.main}/**" />
			</fileset>
		</delete>
	</target>
</project>
