<!--                                                                        -->
<!-- Copyright 2008 Google Inc.                                             -->
<!-- Licensed under the Apache License, Version 2.0 (the "License"); you    -->
<!-- may not use this file except in compliance with the License. You may   -->
<!-- may obtain a copy of the License at                                    -->
<!--                                                                        -->
<!-- http://www.apache.org/licenses/LICENSE-2.0                             -->
<!--                                                                        -->
<!-- Unless required by applicable law or agreed to in writing, software    -->
<!-- distributed under the License is distributed on an "AS IS" BASIS,      -->
<!-- WITHOUT WARRANTIES OR CONDITIONS OF ANY KIND, either express or        -->
<!-- implied. License for the specific language governing permissions and   -->
<!-- limitations under the License.                                         -->

<module>
  <inherits name="com.google.gwt.i18n.I18N"/>
  <inherits name="com.google.gwt.user.User" />
  <inherits name="com.google.gwt.maps.GoogleMaps" />
  <inherits name="com.google.gwt.i18n.I18N" />
  <inherits name="com.google.gwt.user.theme.standard.Standard"/>
    
  <entry-point class="com.google.gwt.maps.sample.hellomaps.client.HelloMaps" />

  <stylesheet src="HelloMaps.css" />
 

  <!--
    If you want to deploy this application outside of localhost,
    you must obtain a Google Maps API key at:
    http://www.google.com/apis/maps/signup.html
    Replace the src attribute below with a URL that contains your key.
  -->
  <script src="http://maps.google.com/maps?gwt=1&amp;file=api&amp;v=2.x&amp;key=ABQIAAAARrCK38aboqQKDotehUjrPhTb-vLQlFZmc2N8bgWI8YDPp5FEVBQ-MFjXfKfAvdbsbp3pa0q7fQNDDA" />
</module>
